<?xml version="1.0" encoding="UTF-8"?>
<project-private xmlns="http://www.netbeans.org/ns/project-private/1">
    <editor-bookmarks xmlns="http://www.netbeans.org/ns/editor-bookmarks/2" lastBookmarkId="0"/>
    <open-files xmlns="http://www.netbeans.org/ns/projectui-open-files/2">
        <group>
            <file>file:/home/dingus/MPLABXProjects/project1.X/IOs.c</file>
            <file>file:/home/dingus/MPLABXProjects/project1.X/project1_main.c</file>
            <file>file:/home/dingus/MPLABXProjects/project1.X/UART2.c</file>
            <file>file:/home/dingus/MPLABXProjects/project1.X/clkChange.c</file>
        </group>
    </open-files>
</project-private>
